{"cs-1":{"nav_menu-4":{"nav_menu":7}},"cs-2":{"nav_menu-5":{"nav_menu":39}},"blog-sidebar":{"search-2":{"title":""},"categories-2":{"title":"","count":0,"hierarchical":0,"dropdown":0}},"top-left-widgets":{"pw_icon_box-2":{"title":"Opening Times:","text":"Mon - Sat: 7:00 - 17:00","btn_link":"","icon":"fa-clock-o","new_tab":""}},"top-right-widgets":{"pw_icon_box-3":{"title":"Phone Number:","text":"00386 31 567 537","btn_link":"","icon":"fa-phone","new_tab":""}},"header-left-widgets":{"text-3":{"title":"","text":"[button href=\"#\" style=\"light\" fa=\"fa-phone\" corners=\"rounded\"]1-888-123-4567[\/button]","filter":false}},"header-right-widgets":{"pw_icon_box-5":{"title":"Opening Times","text":"Mon - Sat: 8.00 - 18.00","btn_link":"","icon":"fa-clock-o","new_tab":""},"pw_icon_box-7":{"title":"Our Location","text":"27 Marion Street","btn_link":"","icon":"fa-home","new_tab":""},"pw_icon_box-6":{"title":"Phone Number","text":"031 567 537","btn_link":"","icon":"fa-phone","new_tab":""},"text-2":{"title":"","text":"[button href=\"https:\/\/demo.proteusthemes.com\/beauty\/booking\/\"]BOOK NOW[\/button]","filter":false}},"navigation-widgets":{"pw_social_icons-2":{"social_icons":{"1":{"id":"1","link":"https:\/\/www.facebook.com\/ProteusThemes\/","icon":"fa-facebook"},"2":{"id":"2","link":"https:\/\/twitter.com\/ProteusThemes","icon":"fa-twitter"},"3":{"id":"3","link":"https:\/\/www.youtube.com\/user\/ProteusNetCompany","icon":"fa-youtube"},"4":{"id":"4","link":"https:\/\/github.com\/ProteusThemes","icon":"fa-github"}},"new_tab":"on"}},"shop-sidebar":{"woocommerce_product_categories-2":{"title":"","orderby":"name","dropdown":0,"count":0,"hierarchical":"1","show_children_only":0},"woocommerce_widget_cart-2":{"title":"Cart","hide_if_empty":0}},"footer-widgets":{"text-4":{"title":"BEAUTY","text":"Come and experience the city\u2019s best Hair, Nail and Beauty Salon at Beauty Salon. Offering all kinds of therapys for your body, look and mind.","filter":false},"nav_menu-3":{"title":"OUR SERVICES","nav_menu":7},"nav_menu-2":{"title":"EXTRAS","nav_menu":39},"text-5":{"title":"CONTACT","text":"<div class=\"footer__map\">\r\n[fa icon=\"fa-map-marker\" color=\"#d1bc9d\"] 227 Marion Street Avenue, UK\r\n[fa icon=\"fa-phone\" color=\"#d1bc9d\"] 1-888-123-4567\r\n[fa icon=\"fa-envelope\" color=\"#d1bc9d\"] info@beautypress.com\r\n<\/div>","filter":true}}}